{
  "performance_score": 98.2090493553797,
  "trend": "improving",
  "data_points": 2,
  "recent_error": 1.7909506446202974,
  "error_volatility": 1.579298592505116,
  "learning_rate": 0.017909506446202973,
  "confidence_trend": 83.2090493553797
}