{
  "performance_score": 97.1634938367581,
  "trend": "improving",
  "data_points": 3,
  "recent_error": 2.836506163241911,
  "error_volatility": 0.09056958505531243,
  "learning_rate": 0.02836506163241911,
  "confidence_trend": 82.1634938367581
}