{
  "performance_score": 98.38792062427648,
  "trend": "improving",
  "data_points": 4,
  "recent_error": 1.6120793757235194,
  "error_volatility": 0.937676601138366,
  "learning_rate": 0.016120793757235196,
  "confidence_trend": 83.38792062427649
}